product,match,url
Factory Buys 32cm Euro Top Mattress - King,1,https://www.factorybuys.com.au/products/euro-top-mattress-king
Frequently Bought Together,1,https://www.factorybuys.com.au/products/euro-top-mattress-king
Beadlight Cirrus LED Reading Light,1,https://dunlin.com.au/products/beadlight-cirrus
Hamar Plant Stand - Ash,1,https://themodern.net.au/products/hamar-plant-stand-ash
Hamar Plant Stand - Ash,1,https://themodern.net.au/products/hamar-plant-stand-ash
Samson Daybed Frame - Single,1,https://vastinterior.com.au/products/samson-daybed-single-2
String weave timber stool,1,https://www.hudsonfurniture.com.au/products/string-weave-timber-stool
Mason Chair,1,https://4-chairs.com/products/mason-chair
Gift Voucher,1,https://www.do-shop.com/products/gift-card
LUNA High Chest,1,https://www.danishinspirations.com/products/products/bedroom/page/3/
LUNA King Bed,1,https://www.danishinspirations.com/products/products/bedroom/page/3/
LUNA nightstand,1,https://www.danishinspirations.com/products/products/bedroom/page/3/
LUNA Queen Bed,1,https://www.danishinspirations.com/products/products/bedroom/page/3/
MARCO Double Dresser,1,https://www.danishinspirations.com/products/products/bedroom/page/3/
MARCO High Chest,1,https://www.danishinspirations.com/products/products/bedroom/page/3/
MARCO King Bed,1,https://www.danishinspirations.com/products/products/bedroom/page/3/
MARCO Queen Bed,1,https://www.danishinspirations.com/products/products/bedroom/page/3/
MARCO Right Nightstand,1,https://www.danishinspirations.com/products/products/bedroom/page/3/
MARINI Double Dresser,1,https://www.danishinspirations.com/products/products/bedroom/page/3/
MARINI High Chest,1,https://www.danishinspirations.com/products/products/bedroom/page/3/
MARINI King Bed,1,https://www.danishinspirations.com/products/products/bedroom/page/3/
MARINI Mirror,1,https://www.danishinspirations.com/products/products/bedroom/page/3/
MARINI Nightstand,1,https://www.danishinspirations.com/products/products/bedroom/page/3/
MARINI Queen Bed,1,https://www.danishinspirations.com/products/products/bedroom/page/3/
MARTI Double Dresser Grey,1,https://www.danishinspirations.com/products/products/bedroom/page/3/
Aaron Retro Sofa,1,https://emfurn.com/products/aaron-sofa
Alf & Bud Side Tables,1,https://galvinbrothers.co.uk/products/alfandbud
Enso Platform Bed Frame and Headboard - Solid Wood Modern Bed Frame,0,https://tyfinefurniture.com/products/enso-platform-bed
Eliza Fan,1,https://24estyle.com/products/eliza-fan
You may also like,1,https://24estyle.com/products/eliza-fan
Filter,1,https://www.vavoom.com.au/products/ebony-chest
Give a Gift Card: Any Size!,1,https://www.yellowleafhammocks.com/products/hammock-gift-card
Best for the backyard,1,https://www.yellowleafhammocks.com/products/hammock-gift-card
Best for the great indoors,1,https://www.yellowleafhammocks.com/products/hammock-gift-card
Best For Some “Me Time”,1,https://www.yellowleafhammocks.com/products/hammock-gift-card
Fish bricka vit,1,https://asplundstore.se/products/fish-bricka
Arncliffe Pop Bench,1,https://www.royaloakfurniture.co.uk/products/pop-bench
MEMBERSHIP,1,https://mulamu.com/products/membership
Guardsman Gold Complete Plus Plan,1,https://www.jensen-lewis.com/products/guardsman-gold-complete-plan
Molloy ChairNau,1,https://cultdesign.co.nz/products/molloy-chair
Group #119,1,https://allwoodfurn.com/products/group-119-rustic-two-tone-gathering-table-and-barstools
Lostine,1,https://lostine.com/products/jack-chairs
Jack Leather and Wood Stool - Tan,1,https://lostine.com/products/jack-chairs
tip table lamp,1,https://www.somedaydesigns.co.uk/products/muuto-tip-lamp?variant=513748041743
Big Cay Desk,1,https://www.mainecottage.com/collections/workspace/products/big-cay-desk
Lipa Barstool,1,https://www.kannoa.com/products/lipa-barstool
Added to your cart:,1,https://www.thefurnituremegastore.co.uk/products/noir-80x180-cm-wall-mirror
,0,https://www.thefurnituremegastore.co.uk/products/noir-80x180-cm-wall-mirror
side table O118 | USM Haller,1,https://www.softsquare.com/collections/usm-haller/products/usm-haller-media-o1
ROMA SOFA - PEBBLE,1,https://najarianfurniture.com/products/roma-sofa-pebble
QW Amish McKee 6pc Dining Set,1,https://qualitywoods.com/products/qw-amish-mckee-6pc-dining-set?variant=31793708105810
Shop,1,https://www.roccityfurniture.com/products/abney-4pc-set/
,0,https://craftassociatesfurniture.com/products/craft-associates-wool-lounge-chairs-1519
Gift Card,1,https://huset-shop.com/products/gift-card
Hodges Tweed,1,https://www.scotmeachamwoodhome.com/products/hodges-tweed
CH24 Wishbone Chair - Beech - Soft colours,1,https://www.skandium.com/products/ch24-soft
Gray Floating TV Stand Entertainment Center - ECO GEO Lakewood,0,https://www.woodwaves.com/products/gray-floating-tv-stand-entertainment-center-eco-geo-lakewood
Gift Card,1,https://thefinestore.com/products/gift-card
Diivan BOHO 210,1,http://oot-oot.com/products/
Diivan BOHO 250,1,http://oot-oot.com/products/
Diivan BOHO 250 CHL Vasak,1,http://oot-oot.com/products/
Diivan BOHO 250 CHL Parem,1,http://oot-oot.com/products/
Diivan BOHO 300,1,http://oot-oot.com/products/
Diivan BOHO 300 CHL Vasak,1,http://oot-oot.com/products/
Diivan BOHO 300 CHL Parem,1,http://oot-oot.com/products/
Diivan BOHO 300×210,1,http://oot-oot.com/products/
Tugitool BOHO,1,http://oot-oot.com/products/
Tumba BOHO 90,1,http://oot-oot.com/products/
Tumba BOHO 110,1,http://oot-oot.com/products/
Diivan MOSS 205,1,http://oot-oot.com/products/
Diivan MOSS 245,1,http://oot-oot.com/products/
Nurgadiivan MOSS 285 vasak,1,http://oot-oot.com/products/
Nurgadiivan MOSS 285 Parem,1,http://oot-oot.com/products/
Tumba MOSS 80,1,http://oot-oot.com/products/
Diivan MOSS SLIM 185,1,http://oot-oot.com/products/
Diivan MOSS SLIM 225,1,http://oot-oot.com/products/
Nurgadiivan MOSS SLIM 265 vasak,1,http://oot-oot.com/products/
Nurgadiivan MOSS SLIM 265 parem,1,http://oot-oot.com/products/
Tumba MOSS 80,1,http://oot-oot.com/products/
Diivan FLOYD 180,1,http://oot-oot.com/products/
DIIVAN FLOYD 220,1,http://oot-oot.com/products/
Diivan FLOYD 260,1,http://oot-oot.com/products/
Nurgadiivan FLOYD 260 vasak,1,http://oot-oot.com/products/
Nurgadiivan FLOYD 260 parem,1,http://oot-oot.com/products/
Tugitool FLOYD,1,http://oot-oot.com/products/
Tumba FLOYD 80,1,http://oot-oot.com/products/
Diivan Cosmo 3-kohaline,1,http://oot-oot.com/products/
Diivan Cosmo 2-kohaline,1,http://oot-oot.com/products/
Tugitool Cosmo,1,http://oot-oot.com/products/
Tumba Cosmo,1,http://oot-oot.com/products/
Diivanvoodi BOB 220,1,http://oot-oot.com/products/
Diivanvoodi BOB 200,1,http://oot-oot.com/products/
Diivanvoodi FOLD 230,1,http://oot-oot.com/products/
TUMBA FOLD 100,1,http://oot-oot.com/products/
Tumbavoodi BOX,1,http://oot-oot.com/products/
Nahkdiivan Leaf 178,1,http://oot-oot.com/products/
Nahkdiivan LEAF 208,1,http://oot-oot.com/products/
Tugitool VOOG metall,1,http://oot-oot.com/products/
Järi VOOG metall,1,http://oot-oot.com/products/
Tugitool Voog,1,http://oot-oot.com/products/
Järi VOOG,1,http://oot-oot.com/products/
Peatsita Voodi,1,http://oot-oot.com/products/
Voodi LESS,1,http://oot-oot.com/products/
Voodi HOLM,1,http://oot-oot.com/products/
Voodi MORE,1,http://oot-oot.com/products/
Pesukastiga voodi BOIS,1,http://oot-oot.com/products/
Modulaarne Terrassimööbel MOOD 270 kahe tumbaga,1,http://oot-oot.com/products/
Modulaarne Terrassimööbel MOOD 270,1,http://oot-oot.com/products/
Modulaarne Terrassimööbel MOOD 270 Tumbaga,1,http://oot-oot.com/products/
Modulaarne Terrassimööbel MOOD 180,1,http://oot-oot.com/products/
MOOD terrassitumba 60,1,http://oot-oot.com/products/
MOOD terrassitumba 40,1,http://oot-oot.com/products/
Öölaua Komplekt,1,http://oot-oot.com/products/
Tumba Pop 40,1,http://oot-oot.com/products/
Tumba POP 60,1,http://oot-oot.com/products/
Tumba POP 80,1,http://oot-oot.com/products/
Tumba Frey,1,http://oot-oot.com/products/
Padjakomplekt 50×50 (2 tk),1,http://oot-oot.com/products/
Padjakomplekt 40×40 (3 tk),1,http://oot-oot.com/products/
Naha puhastus- ja hooldusvahendite komplekt,1,http://oot-oot.com/products/
Tekstiili puhastus- ja hooldusvahendite komplekt,1,http://oot-oot.com/products/
Kanganäidiste komplekt,1,http://oot-oot.com/products/
Välimööbli Kanganäidiste Komplekt,1,http://oot-oot.com/products/
Fermob,1,https://classicwithatwist.com.au/products/1900-bench
1900 BENCH,1,https://classicwithatwist.com.au/products/1900-bench
TAKE ME BACK,1,https://thewoodroom.com.au/products/take-me-back
TAKE ME BACK,1,https://thewoodroom.com.au/products/take-me-back
GIFT VOUCHER,1,https://thebanyantree.com.au/products/gift-card
Mesa Sofa,1,https://hauserstores.com/products/mesa-sofa?view=product-alt
Alice Vanity,1,https://boahaus.com/products/boahaus-urban-dressing-table
Milan Side Table,1,https://www.living-home.co.uk/products/58-07-valencia-side-table
Glen Mirror,1,https://modernkomfort.ca/products/glen
Glen Mirror,1,https://modernkomfort.ca/products/glen
Pony,1,https://www.aarniooriginals.com/collections/shop/products/pony
"42"" Tennant Brand Beatrice Navy Blue Modern Bathroom Sink Vanity TB-9444NB-V42",0,https://chansfurniture.com/products/copy-of-42-tennant-brand-modern-style-beatrice-bathroom-sink-vanity-tb-9433-v42-wenge-color
Windsor Bed,1,https://hedgehousefurniture.com/products/windsor-bed
Gift Card,1,https://oakforless.com/products/gift-card
Gift Card,1,https://oakforless.com/products/gift-card
Round Vintage Zinc Tray,1,https://homestreethome.ie/products/zinc-tray
Moo,1,https://www.myconcept.com.hk/products/moo
Scandinavian Bali Teak Bench ATF388,1,https://asianteakfurniture.com/products/bali-teak-bench-atf388
You recently viewed,1,https://asianteakfurniture.com/products/bali-teak-bench-atf388
Added to your cart:,1,https://asianteakfurniture.com/products/bali-teak-bench-atf388
,0,https://asianteakfurniture.com/products/bali-teak-bench-atf388
Enim donec pede,1,https://furnitica-vinova.myshopify.com/products/enim-donec-pede
Spensley Dining Chair - Tan,1,https://barnabylane.com.au/products/spensley-tan
Sweden Teak Side Coffee Table 60 x 60 cm,1,https://teak-furniture-singapore.com/products/sweden-side-table
You recently viewed,1,https://teak-furniture-singapore.com/products/sweden-side-table
Added to your cart:,1,https://teak-furniture-singapore.com/products/sweden-side-table
,0,https://teak-furniture-singapore.com/products/sweden-side-table
Scandinavian Lamp Table TWS889LT-000-TA-LP,1,https://teak-warehouse-sale.com/products/tws889lt-000-ta-lp
"Checkmark icon  

          Added to your cart:",1,https://teak-warehouse-sale.com/products/tws889lt-000-ta-lp
,0,https://teak-warehouse-sale.com/products/tws889lt-000-ta-lp
Related Products,1,https://www.modishstore.com/products/twos-company-sunburst-antiqued-gold-wall-mirror
Related Products,1,https://www.modishstore.com/products/twos-company-sunburst-antiqued-gold-wall-mirror
MP - Amsterdam 2 Drawer Bedside Table TEK168 BS 002 TA Side Table,0,https://teakco.com/products/amsterdam-2-drawer-bedside-table-tek168bs-002-ta
You recently viewed,1,https://teakco.com/products/amsterdam-2-drawer-bedside-table-tek168bs-002-ta
Added to your cart:,1,https://teakco.com/products/amsterdam-2-drawer-bedside-table-tek168bs-002-ta
,0,https://teakco.com/products/amsterdam-2-drawer-bedside-table-tek168bs-002-ta
Amsterdam Bench 150 x 35 cm BE-150-35-TA ( Chocolate Colour ),0,https://big-sale-furniture.com/products/amsterdam-bench-150-x-35-be-150-35-ta
Turn Chair,1,https://taktcph.com/products/
Cross Chair Tube,1,https://taktcph.com/products/
Spoke Sofa,1,https://taktcph.com/products/
Cross Chair,1,https://taktcph.com/products/
Curve Coat Rack,1,https://taktcph.com/products/
Turn Table,1,https://taktcph.com/products/
Cross Bar Chair Tube,1,https://taktcph.com/products/
Cross Table 120,1,https://taktcph.com/products/
Studio Bar Stool,1,https://taktcph.com/products/
Cross Bar Chair,1,https://taktcph.com/products/
Arc Dining Table,1,https://taktcph.com/products/
Cross Task Chair,1,https://taktcph.com/products/
Arc Chair,1,https://taktcph.com/products/
Soft Lounge Chair,1,https://taktcph.com/products/
Plint,1,https://taktcph.com/products/
Sling Lounge Chair,1,https://taktcph.com/products/
Sling Coffee Table,1,https://taktcph.com/products/
Soft Chair,1,https://taktcph.com/products/
Cross Table 75,1,https://taktcph.com/products/
Soft Stool,1,https://taktcph.com/products/
Sling Side Table,1,https://taktcph.com/products/
Soft Bench,1,https://taktcph.com/products/
Tool Chair,1,https://taktcph.com/products/
Gift Card,1,https://taktcph.com/products/
Spoke Sofa fabric samples,1,https://taktcph.com/products/
Care Kit,1,https://taktcph.com/products/
Black Mango Gift Card,1,https://www.blackmango.com.au/products/gift-card
Nova V3 Modular Sofa | Customisable,1,https://www.oopenspace.com/products/nova-3
Tabeni Coat Stand,1,https://vintage-etc.com/products/tabeni-coat-stand
Hamac Brasil XXL Vert,1,https://www.hamac-shop.be/products/hamac-brasil-xxl-vert
minimaproject chieut table contemporary low table,1,https://ikonitaly.com/products/minimaproject-chieut-table
Ikon Sofa,1,https://www.212concept.com/products/ikon-sofa
Zinolin Teak Oil,1,https://vintagehomeboutique.ca/products/zinolin-teak-oil
Zinolin Teak Oil,1,https://vintagehomeboutique.ca/products/zinolin-teak-oil
Wooden Coffee Table,1,https://www.laura-james.co.uk/products/coffee-table-corona
MDM Wardrobe Storage Organiser,1,https://www.mydiscountmalta.com/products/mdm-wardrobe
You recently viewed,1,https://www.mydiscountmalta.com/products/mdm-wardrobe
Added to your cart:,1,https://www.mydiscountmalta.com/products/mdm-wardrobe
,0,https://www.mydiscountmalta.com/products/mdm-wardrobe
2Pcs Mid-Century Dining Chair,1,http://www.muuduufurniture.com/products/frame-material/wood/
3Pcs Black and White Faux Leather Sofa Set,1,http://www.muuduufurniture.com/products/frame-material/wood/
3Pcs Camel and Dark Brown Faux Leather Sofa Set w/ Coffee Table,0,http://www.muuduufurniture.com/products/frame-material/wood/
3Pcs Cream Faux Leather Sofa Set,1,http://www.muuduufurniture.com/products/frame-material/wood/
3Pcs Dark Brown Faux Leather Sofa Set,1,http://www.muuduufurniture.com/products/frame-material/wood/
3Pcs Dark Chocolate and Cream Faux Leather Sofa Set,0,http://www.muuduufurniture.com/products/frame-material/wood/
3Pcs Dark Gray Leather Air Fabric Sofa Set,1,http://www.muuduufurniture.com/products/frame-material/wood/
3Pcs Purple Fabric Sofa Set,1,http://www.muuduufurniture.com/products/frame-material/wood/
3Pcs Rose Gold Faux Leather Sofa Set,1,http://www.muuduufurniture.com/products/frame-material/wood/
3Pcs Taupe Microfiber Leather Sofa Set,1,http://www.muuduufurniture.com/products/frame-material/wood/
3Pcs White Microfiber Leather Sofa Set,1,http://www.muuduufurniture.com/products/frame-material/wood/
6Pcs Sectional Set in Grey,1,http://www.muuduufurniture.com/products/frame-material/wood/
Abrianna Brown Love Seat,1,http://www.muuduufurniture.com/products/frame-material/wood/
Abrianna Brown Sofa,1,http://www.muuduufurniture.com/products/frame-material/wood/
Abrianna Brown Sofa Set,1,http://www.muuduufurniture.com/products/frame-material/wood/
Abrianna Gray Love Seat,1,http://www.muuduufurniture.com/products/frame-material/wood/
Abrianna Gray Sofa,1,http://www.muuduufurniture.com/products/frame-material/wood/
Abrianna Gray Sofa Set,1,http://www.muuduufurniture.com/products/frame-material/wood/
Accent Chair in Indigo,1,http://www.muuduufurniture.com/products/frame-material/wood/
Aislin Espresso Chair,1,http://www.muuduufurniture.com/products/frame-material/wood/
Aislin Espresso Love Seat,1,http://www.muuduufurniture.com/products/frame-material/wood/
Aislin Espresso Ottoman,1,http://www.muuduufurniture.com/products/frame-material/wood/
Alicia Light Brown Love Seat,1,http://www.muuduufurniture.com/products/frame-material/wood/
Alisa Sectional in Ivory,1,http://www.muuduufurniture.com/products/frame-material/wood/
Amaris Dark Brown Loveseat,1,http://www.muuduufurniture.com/products/frame-material/wood/
Amaris Dark Brown Recliner,1,http://www.muuduufurniture.com/products/frame-material/wood/
Amaris Dark Brown Sofa,1,http://www.muuduufurniture.com/products/frame-material/wood/
Amaris Dark Brown Sofa Set,1,http://www.muuduufurniture.com/products/frame-material/wood/
Anita Espresso Power Love Seat w/ Console,1,http://www.muuduufurniture.com/products/frame-material/wood/
Ash Chair,1,http://www.muuduufurniture.com/products/frame-material/wood/
Ash Loveseat,1,http://www.muuduufurniture.com/products/frame-material/wood/
Ash Sofa,1,http://www.muuduufurniture.com/products/frame-material/wood/
Ash Sofa Set,1,http://www.muuduufurniture.com/products/frame-material/wood/
Asma Beige Loveseat,1,http://www.muuduufurniture.com/products/frame-material/wood/
Asma Beige Sofa,1,http://www.muuduufurniture.com/products/frame-material/wood/
Asma Beige Sofa Set,1,http://www.muuduufurniture.com/products/frame-material/wood/
Atlantic Chair,1,http://www.muuduufurniture.com/products/frame-material/wood/
Atlantic Loveseat,1,http://www.muuduufurniture.com/products/frame-material/wood/
Atlantic Sofa Set,1,http://www.muuduufurniture.com/products/frame-material/wood/
Augustina Light Brown Chair,1,http://www.muuduufurniture.com/products/frame-material/wood/
Augustina Light Brown Love Seat,1,http://www.muuduufurniture.com/products/frame-material/wood/
Augustina Light Brown Sofa,1,http://www.muuduufurniture.com/products/frame-material/wood/
Augustina Light Brown Sofa Set,1,http://www.muuduufurniture.com/products/frame-material/wood/
Azis Gray Fabric Love Seat,1,http://www.muuduufurniture.com/products/frame-material/wood/
Badalona I Beige Love Seat,1,http://www.muuduufurniture.com/products/frame-material/wood/
Badalona I Grey Love Seat,1,http://www.muuduufurniture.com/products/frame-material/wood/
Basix Portico 2Pcs Dining Chair in Off White,1,http://www.muuduufurniture.com/products/frame-material/wood/
Bed Bench in Vintage Cream,1,http://www.muuduufurniture.com/products/frame-material/wood/
